CourseName,CourseUrl
C#OOP2016,http://stage.telerikacademy.com/Courses/Courses/Details/276
Archer HomeworkEval,http://stage.telerikacademy.com/Courses/Courses/Details/273
Giant Test Course,http://stage.telerikacademy.com/Courses/Courses/Details/270
Тестови курс 2,http://stage.telerikacademy.com/Courses/Courses/Details/265
ExportTestCourse,http://stage.telerikacademy.com/Courses/Courses/Details/264
Тестови курс 1 Декември 2015,http://stage.telerikacademy.com/Courses/Courses/Details/263
ББББ,http://stage.telerikacademy.com/Courses/Courses/Details/261
ААА,http://stage.telerikacademy.com/Courses/Courses/Details/260
Бази Данни,http://stage.telerikacademy.com/Courses/Courses/Details/259
Telerik Academy 2020,http://stage.telerikacademy.com/Courses/Courses/Details/247
ДСА2016,http://stage.telerikacademy.com/Courses/Courses/Details/246
gfhfg,http://stage.telerikacademy.com/Courses/Courses/Details/243
